Dosya,MSE_Noisy,MSE_Filtered,SNR_Noisy_dB,SNR_Filtered_dB,SNR_Improvement_dB
0.wav,0.08691477,0.08885549817920137,1.3747869,1.2788797401200283,-0.09590711367025495
1.wav,0.056776058,0.05773604999986272,0.98065066,0.9078320867816996,-0.07281857659415492
10.wav,0.26905087,0.07012391001956968,-6.1707616,-0.3310787769129795,5.839682808322616
100.wav,0.009961327,0.001304472020698841,0.55021906,9.379043316563543,8.828824257573064
101.wav,0.0002574191,0.0007700440825938132,18.349453,13.590704731820487,-4.758748240591622
102.wav,0.0017061337,0.0039430381902194125,13.348016,9.709835902436282,-3.638179882781003
103.wav,0.00068572076,0.0006995717749521351,13.795348,13.708498851749194,-0.08684931567023924
105.wav,0.0012902042,0.005188001187107804,13.361151,7.317735052163924,-6.043415689413225
106.wav,0.22471184,0.03185549752108553,-10.400511,-1.9160954814773117,8.484415306486556
107.wav,0.007087989,0.009895308168875907,7.478123,6.02906040755051,-1.4490627804682887
108.wav,0.0012616811,0.0017333970350717222,12.308323,10.928838629427013,-1.379484277067128
109.wav,0.005104693,0.025246030574553102,8.892239,1.950003310783083,-6.942235306160276
11.wav,0.27531984,0.0698976550525501,-6.4240475,-0.47029828348731795,5.953749186605456
110.wav,0.0049565877,0.012368076765108626,8.707464,4.736269818600281,-3.9711943995393675
111.wav,0.207767,0.04121749886938454,-7.8163075,-0.7913581429277092,7.0249494017805425
112.wav,0.0022629076,0.008137833158171705,12.86181,7.303390053213147,-5.558419677316638
113.wav,0.0028805863,0.006140270761677764,9.798996,6.511929968192652,-3.287066003487036
114.wav,0.0035405327,0.009893755649596428,8.710454,4.247528207814217,-4.462925779307365
116.wav,0.0011868436,0.011724154762638076,13.07304,3.126160378641203,-9.94687962990372
117.wav,0.21209602,0.04397658470034982,-7.7076216,-0.8745112792560129,6.8331102951458424
118.wav,0.0334929,0.007155458394833491,-5.0492964,1.6538563048836856,6.703152683973041
119.wav,0.026008425,0.01886277640664341,-1.5476975,-0.15261302878784713,1.3950845153100533
12.wav,0.22568539,0.028977141517020744,-10.907744,-1.9932652717895265,8.914479135864282
121.wav,0.2575937,0.040652871093697626,-9.560082,-1.5416425627195691,8.01843987288834
122.wav,0.041063476,0.02424929779643891,-1.9806547,0.30691089910461156,2.2875656155963107
123.wav,0.04764241,0.0124634522745467,-5.2590847,0.5644688455590819,5.823553547097168
124.wav,0.018883863,0.01973930355912765,0.2905151,0.09810554531611923,-0.19240954967937943
125.wav,0.043505535,0.0146510423815626,-3.0421014,1.684658657761806,4.726760040971034
127.wav,0.0009585013,0.0007406535447638581,15.4992485,16.619025194099546,1.119776689460874
128.wav,0.00080284476,0.0010224934667567723,17.163946,16.113657682331866,-1.0502884694015329
129.wav,0.0027306913,0.00173505388017059,10.004006,11.973602880745098,1.9695964949418752
13.wav,0.17473137,0.023525447999714223,-9.261953,-0.5536239665449378,8.708329387336898
130.wav,0.0022305627,0.0017579941219342786,12.946735,13.980706398239064,1.0339710161589863
131.wav,0.0058475113,0.00432294839994293,9.734098,11.046008434942857,1.3119100004946151
132.wav,0.18360764,0.06160162033954845,-3.668752,1.0742339869254824,4.742985941957831
133.wav,0.0057176244,0.00321582973282025,6.767518,9.266743657130576,2.4992256136125093
134.wav,0.008267589,0.004789335781700089,6.2705526,8.641588916519693,2.3710362813268215
136.wav,0.007815621,0.008423806190647505,7.4857945,7.160345916664913,-0.32544862755505743
137.wav,0.17376162,0.0445990636767536,-5.2390785,0.6672026521700103,5.906281173898526
138.wav,0.006043028,0.004984546230334992,8.581505,9.417794816752828,0.8362899949754841
139.wav,0.02680473,0.017797875619477578,1.9887441,3.7671770182166298,1.778432878545304
14.wav,0.17726499,0.02673608290661357,-8.4396305,-0.2243786477788727,8.21525186064398
140.wav,0.02464819,0.02004442748582052,3.2629075,4.160821236672881,0.8979137316374803
141.wav,0.02206676,0.019217336305783348,3.6789289,4.279382994250308,0.600454142169009
142.wav,0.028176913,0.015689086449040872,2.0931334,4.636090979247292,2.542957529692849
143.wav,0.0050841854,0.0033401077791317597,9.945366,11.769974447614954,1.8246085418532356
144.wav,0.026668537,0.021796125842972972,2.7447941,3.6209933592999057,0.8761992289745884
145.wav,0.02902043,0.016706984728398638,0.009676259,2.4077342680449556,2.3980580090339254
146.wav,0.02405681,0.017746540306785234,2.265149,3.5863927062268806,1.3212435897107673
147.wav,0.023892146,0.014368242636235066,1.4771773,3.68569217700348,2.2085149146972665
148.wav,0.027322154,0.01597766068468571,1.1140584,3.4440757232576096,2.330017347899028
149.wav,0.017397495,0.007025088122227025,0.12559365,4.063943023645498,3.9383493762846964
15.wav,0.12075224,0.01538743963163278,-8.942148,0.005140131935600497,8.947288340553765
150.wav,0.017783055,0.008381935642719884,0.94203365,4.208654394439169,3.2666207459482637
151.wav,0.03362642,0.01721803365795531,-4.2491536,-1.3421829237916456,2.906970690252544
152.wav,0.03927126,0.018183582072812895,-4.948022,-1.6040677613680634,3.3439541273648468
153.wav,0.029001858,0.01342209499773305,-4.630024,-1.283969060812343,3.346054895486485
154.wav,0.04819008,0.019511541913475514,-5.290304,-1.3636439830547122,3.926660200905249
155.wav,0.032514118,0.013364246435143366,-7.1380467,-3.2767718761003555,3.8612748653852402
156.wav,0.04341986,0.017488308151845315,-5.667255,-1.7178485393627358,3.949406385411434
157.wav,0.022823598,0.01001477394109301,-3.6795664,-0.10213679116360783,3.5774295921982087
158.wav,0.02545727,0.010868283184415404,-2.1094055,1.5871033024916086,3.6965088200697336
159.wav,0.025828743,0.007773931017767977,-1.8579782,3.356647915440018,5.214626140194351
16.wav,0.18810536,0.03143978133017262,-8.40589,-0.636673538701144,7.769216926081571
160.wav,0.034943704,0.01758205180072502,-2.3844345,0.5985593575542748,2.982993819147903
161.wav,0.017554848,0.008855009220181146,-1.9134058,1.0586746181226439,2.9720803941465084
162.wav,0.030246476,0.015154828141677484,-1.3269498,1.6742876034235499,3.0012374382471583
163.wav,0.027463099,0.014694127613287537,0.08876142,2.804818976196483,2.7160575571386367
164.wav,0.033842094,0.015073748836337003,-2.0087502,1.5036095522370125,3.512359752508619
165.wav,0.0020493553,0.001006995802439315,6.089792,9.175688122667312,3.085896347917556
166.wav,0.20764425,0.029751182450629115,-9.894933,-1.456775412473503,8.438157334413704
167.wav,0.20288451,0.029314470524093268,-9.450184,-1.0485152592361693,8.401668609172035
168.wav,0.15292111,0.01635208002295555,-12.136066,-2.4271216972903793,9.708944739477198
169.wav,0.18892425,0.020304723054135023,-11.459603,-1.77269642251253,9.686906887118818
17.wav,0.20225893,0.02558438982065937,-10.689219,-1.7098924880353676,8.979326986757112
170.wav,0.16700794,0.020378127108850456,-10.151537,-1.0158079624403618,9.135728979087958
171.wav,0.16775836,0.01943837635446019,-11.368018,-2.007776590927293,9.360241559402297
172.wav,0.20061176,0.0321084772924216,-8.8481865,-0.890819876421072,7.95736661649885
173.wav,0.18324369,0.023724777294065098,-9.835539,-0.9572698969691702,8.878268967166573
174.wav,0.134309,0.014933713472257039,-11.106367,-1.566994218516029,9.539372892690025
175.wav,0.13789481,0.01779319916479963,-10.276373,-1.3834330728670112,8.892939836678888
176.wav,0.30514553,0.032401870790138246,-13.445044,-3.7056745404362914,9.739369023406482
177.wav,0.14692979,0.05701002344893441,-2.3506143,1.7609720981812047,4.111586407492117
178.wav,0.13235804,0.02470098348235924,-6.846189,0.4441724710017753,7.290361493065984
179.wav,0.13545363,0.04219554194687845,-3.3456943,1.7195464970405703,5.065240800553143
18.wav,0.22303453,0.036106153802025906,-9.102549,-1.1946402283556654,7.907908370887498
180.wav,0.0012857929,0.0013170303588478421,10.315401,10.211153799795046,-0.10424727747546214
181.wav,1.5257834e-05,0.00032508413045890546,30.661964,17.376934746876728,-13.285029669627178
182.wav,4.6619796e-05,0.0005200487895345788,28.508833,18.03409647771264,-10.474736453805914
183.wav,9.138403e-07,4.908363338830424e-05,41.121998,23.821335152772004,-17.30066268047995
184.wav,0.00019129428,0.00034044590128184585,19.07718,16.573718666545766,-2.503462195880992
185.wav,1.2923069e-06,0.00042591002583933967,41.229473,16.04994787814983,-25.179525235863842
186.wav,3.4558327e-06,0.00018884750916193694,34.493263,17.117676085872738,-17.37558715875617
187.wav,2.1035965e-05,0.0006349068827079582,28.673004,13.875529170540233,-14.797474979850392
188.wav,0.002389125,0.0014716301892048543,4.0323577,6.136759389824682,2.1044016971061765
189.wav,0.0031829288,0.0027461254407476674,5.8315516,6.472616722423225,0.6410651706043771
19.wav,0.092585035,0.013211731034843126,-7.907045,0.5487660886012764,8.455810976144
190.wav,0.00032142163,0.0003853719938694631,16.084684,15.296633851533022,-0.7880505204152204
191.wav,0.04326795,0.03927633618116785,-4.3082314,-3.88787757553322,0.4203537782265454
192.wav,0.00010622173,0.0005971506529988124,20.85234,13.353635047204168,-7.498705651038019
193.wav,0.003198632,0.0028083771019666542,5.8907537,6.455842467651723,0.5650887216190084
194.wav,0.005038301,0.004599517631139188,5.7619944,6.157712431564292,0.3957180696868505
195.wav,0.0039230934,0.003283584164460599,5.994877,6.7676816308310475,0.7728047692587818
196.wav,4.5162915e-06,0.00020033986947197153,36.575428,20.105575358156823,-16.46985265087638
198.wav,5.2850046e-06,0.00015730293536526978,33.678,18.94108807150709,-14.736913332301505
199.wav,0.0027140568,0.002945107237430318,8.326213,7.971390833640566,-0.3548220493550396
2.wav,0.04287507,0.044205294765143135,1.533317,1.4006224281636852,-0.1326945417078358
200.wav,0.006290632,0.0026279081167288015,4.6155324,8.406373375189442,3.7908409769655655
201.wav,0.052402906,0.048555437375664916,-3.967318,-3.636143015848993,0.3311750421649231
202.wav,9.4488763e-07,0.0002499347214436469,42.559685,18.335219083512317,-24.22446566990565
205.wav,0.026544197,0.0032496289116068513,-1.8237317,7.297626306036637,9.121357966879533
206.wav,0.0005602952,0.0007292499955181712,15.322039,14.177444150109892,-1.1445945004028033
207.wav,0.01439159,0.004008915875475081,-1.247436,4.303382468526412,5.550818515126754
208.wav,0.00010386645,0.0003558170082604784,21.924707,16.57719347029236,-5.347513942427366
21.wav,0.16981523,0.025343788347496135,-8.788738,-0.5276874097542728,8.261050840978148
211.wav,0.013205024,0.0025475474531791143,2.7349463,9.881115632100082,7.146169381184555
212.wav,0.012784101,0.001986731667865048,1.1086264,9.193936041368211,8.08530967570659
213.wav,0.032103557,0.0025362335365502714,-2.0872707,8.93636852125119,11.023639257945526
214.wav,0.030147186,0.004110321194202735,-2.5630035,6.090706285488786,8.653709825527848
215.wav,0.017497186,0.005153505855385234,2.5529685,7.861622786771088,5.30865428472641
216.wav,0.03136933,0.0041872401936806905,-0.8529526,7.8928207434556885,8.74577334298114
217.wav,0.012088789,0.0020277017580448663,2.5596097,10.313396740521894,7.753787088956342
218.wav,0.015927214,0.0023405422776121548,0.5415159,8.869749138631473,8.328233251847873
22.wav,0.09907474,0.021824203479232765,-4.1017003,2.468545132360468,6.570245438299189
220.wav,0.01684927,0.0025781842631737942,1.2742746,9.426945882845814,8.152671295214589
221.wav,0.00030077447,0.0004854944317575763,17.844526,15.76509242466566,-2.0794338662278946
223.wav,0.054264534,0.006039989841391529,-5.127172,4.407626660133579,9.534798653389196
224.wav,0.025405718,0.00250538426872654,-0.7368333,9.323738136488913,10.060571410853385
225.wav,5.522605e-05,0.0002513810824158276,24.092817,17.510930397924845,-6.5818869085937095
227.wav,0.0046627903,0.005144488204292065,7.3998737,6.972910722160021,-0.42696301136048653
228.wav,0.0010532371,0.0007591209113865931,13.474297,14.896448516215678,1.422151946391459
229.wav,0.0009792019,0.0006392519735837447,16.045095,17.89709565459981,1.8520002108742233
23.wav,0.16199331,0.029411331695486456,-7.0124464,0.39737748028799824,7.409823883791416
230.wav,0.0013409834,0.0007614724908919936,13.826834,16.284526077406426,2.45769235243084
231.wav,0.0007688954,0.0008253315821540242,13.538922,13.231309874951398,-0.3076124349240903
232.wav,0.0009122965,0.000685229180120263,10.879699,12.122700368192058,1.2430016148351246
234.wav,0.009678555,0.0029787119895579427,1.5414447,6.659264723324282,5.117820064091188
235.wav,0.0057356893,0.0018431969524898624,5.038367,9.968505818884395,4.930139024298214
237.wav,0.00071283843,0.000650491979849758,16.004234,16.40172632205915,0.3974920080943072
238.wav,0.0006040617,0.0006113769766929317,14.967268,14.914989812032287,-0.05227817808001767
24.wav,0.15749416,0.020210518304562556,-10.015744,-1.098874164638561,8.91687004465099
241.wav,0.0006757254,0.0004635493243104445,13.586234,15.222976710428238,1.6367426177158357
243.wav,0.009402976,0.00411979983916322,2.990097,6.573989393333225,3.5838923474347872
244.wav,0.013473641,0.005487717583172229,0.41616055,4.317092971072788,3.9009324173790167
245.wav,0.009999435,0.006017501762145498,5.507577,7.713169430408728,2.2055924879648803
247.wav,0.010719492,0.005986305982019744,5.5185747,8.048727527305973,2.530152812645328
248.wav,0.055981226,0.053084856816742465,-5.258305,-5.0275873652393415,0.23071770754508236
249.wav,0.064631,0.061841211869586604,-4.5590196,-4.367390470135634,0.19162909544664153
25.wav,0.22137003,0.027787016966001575,-11.216022,-2.203253565691288,9.012767972089474
250.wav,0.0392609,0.03686043108166206,-4.5076566,-4.233657998068608,0.27399857618065937
251.wav,0.120261185,0.11287746073246192,-9.055154,-8.779971597287572,0.2751822494531506
252.wav,0.10269184,0.09827781241413219,-12.428489,-12.237684952414243,0.1908037789700341
253.wav,0.1005809,0.09565343066272831,-12.185098,-11.966948879354591,0.21814881504238137
254.wav,0.107649244,0.10247144323531274,-12.428915,-12.214833636041842,0.21408138776186902
255.wav,0.10968794,0.10554953615194172,-11.957573,-11.790546635356716,0.1670263016550031
256.wav,0.2516552,0.024510401802281527,-14.209433,-4.094877953880238,10.114554648048472
257.wav,0.09326756,0.08975820409031846,-7.792432,-7.6258670584591135,0.16656477290074978
258.wav,0.08451887,0.08199188844855146,-9.2888975,-9.157069483645236,0.13182803069802596
259.wav,0.093022294,0.08947806720507413,-6.7303324,-6.561628272583247,0.16870410198950658
26.wav,0.19154093,0.031575958348136625,-8.352252,-0.5232017107470048,7.829050295783757
261.wav,0.004220326,0.009175098320610942,12.259675,8.887028225471811,-3.3726468004681305
262.wav,0.101644635,0.0189818283055342,-7.1903796,0.09708482176141678,7.2874644413598055
263.wav,0.11190298,0.032589449427429924,-2.755017,2.6026294004104065,5.357646442570441
264.wav,0.007489231,0.005869008706964081,4.8691635,5.927888062704353,1.0587245495207593
266.wav,0.13361059,0.021941494139171836,-8.249937,-0.4041898944553182,7.845747163039799
267.wav,0.026114682,0.02637314305740599,3.5968652,3.5540937696430266,-0.042771407511514425
268.wav,0.0441354,0.04477022887036319,2.5567043,2.494681867818294,-0.062022414942326076
269.wav,0.043675177,0.04396200099000275,2.7820244,2.7535966858180085,-0.028427697726913337
27.wav,0.13470829,0.015162288940890296,-10.985213,-1.4989183455215658,9.486294934202554
270.wav,0.045923688,0.044753600436289065,2.0065556,2.1186433210672337,0.11208776381625718
271.wav,0.039083716,0.03811158003899035,2.0392642,2.1486530695998574,0.10938886748193744
272.wav,0.058335297,0.05937432698435476,3.3348985,3.2582253641716403,-0.07667310766063506
273.wav,0.049717516,0.05038326877574519,3.486013,3.4282434473515178,-0.057769488286909976
275.wav,0.048495527,0.049104280524039604,3.18681,3.1326331938815906,-0.05417682275048952
276.wav,0.047814958,0.048486629777114744,3.4305196,3.369937552312774,-0.06058202852829053
277.wav,0.041898392,0.042347629273128906,3.2322497,3.185931962222937,-0.04631777456295172
278.wav,0.042727515,0.04175757927186615,1.3602132,1.4599363356807162,0.09972317516588469
280.wav,0.15559128,0.058951035441514255,-1.7939296,2.421008385053071,4.21493796192685
281.wav,0.046580367,0.04968807788502692,3.6231709,3.342678087129177,-0.2804927655319558
282.wav,0.041512623,0.043598978780090406,3.1402025,2.927241182736193,-0.2129613395416392
283.wav,0.15149873,0.0529869717205646,-2.723022,1.839376928495942,4.562398912596284
284.wav,0.045691982,0.04718761648397414,3.050768,2.910887544885294,-0.13988035367427631
285.wav,0.14882949,0.04421175933553025,-3.4308836,1.8406281296908507,5.271511775702203
286.wav,0.15194562,0.05316510485674909,-2.7457104,1.814904689732455,4.560615062657259
287.wav,0.044099245,0.04432898658217774,3.021158,2.9985913928704755,-0.02256658709473447
288.wav,0.15608849,0.05704520968769711,-2.143114,2.2284025828438163,4.371516672809637
289.wav,0.14903201,0.06017228058870598,-1.8476391,2.091192052179657,3.9388311360419617
29.wav,0.09976541,0.013249354938197655,-7.945576,0.8222760454170197,8.767852236365506
290.wav,0.1511887,0.04910575904736348,-2.9614887,1.9223802231315728,4.883868946886455
291.wav,0.15304461,0.0536307506450995,-2.5728674,1.9811744976023666,4.554041891096019
292.wav,0.15391022,0.05483177681465247,-1.9667529,2.5155986880598027,4.4823515748319585
293.wav,0.14829871,0.048041085250474125,-2.8628447,2.032400625726011,4.895245331307676
294.wav,0.14900178,0.056607033128689116,-2.3085914,1.8946191934196683,4.203210559233877
295.wav,0.16216834,0.06661696158226588,-1.5736272,2.2901853138531565,3.8638125473584055
296.wav,0.15584585,0.058890839151708486,-2.1284082,2.098066904077342,4.226475097665599
297.wav,0.04597662,0.04693118959109229,3.2183328,3.1290873826095438,-0.08924538487702849
298.wav,0.044632263,0.04656215168323298,3.0648022,2.880960641047181,-0.1838415287526236
299.wav,0.1562959,0.050421979402724686,-2.4714653,2.4418113279763993,4.913276677173787
30.wav,0.19178413,0.02915040121942861,-9.303593,-1.1219114598539224,8.181681222030843
300.wav,0.14691338,0.04678087177083051,-3.3593564,1.6105738020086648,4.9699302053594945
301.wav,0.16709687,0.07372949623558514,-1.4382732,2.1149973681562275,3.553270559608254
302.wav,0.2534057,0.03944811466522693,-9.687032,-1.6091310839456803,8.077900661964964
303.wav,0.25588223,0.025695190719670635,-14.163337,-4.181454560719991,9.981882193125223
305.wav,0.22134413,0.029339740369239017,-10.793523,-2.0174051987558226,8.77611763602201
306.wav,0.27761993,0.033218528620580313,-12.281756,-3.061054545041464,9.220701856020547
307.wav,0.251418,0.024054403084961845,-14.08106,-3.889042821964349,10.19201758758155
308.wav,0.20107402,0.022304928370888776,-12.568544,-3.0189921824402086,9.549552205377175
309.wav,0.1408989,0.019024538027285775,-10.127058,-1.4311226015549539,8.695935427619851
31.wav,0.1260637,0.013590065268251314,-10.399973,-0.7262887578205413,9.673684157828873
310.wav,0.14590351,0.016824110794487743,-11.334806,-1.9534705277262696,9.381335914534473
311.wav,0.20071656,0.023940956568017178,-11.669116,-2.434699471161127,9.234416549041509
312.wav,0.16147675,0.016655852380832864,-12.5931835,-2.727751648717993,9.865431868738062
313.wav,0.16023752,0.018646564808609396,-11.644044,-2.302389571559154,9.341654350865163
314.wav,0.13381335,0.012104178512921964,-14.354119,-3.9184784380716065,10.43564086277068
315.wav,0.14369836,0.01991156469683383,-9.807526,-1.2240611062456945,8.583464528519931
316.wav,0.00018398838,0.0016391847932905842,18.438284,8.93990906399489,-9.498374856293196
319.wav,0.002266961,0.0020043622243220063,10.721931,11.256609717622792,0.5346782601032611
32.wav,0.24662347,0.036616195288873256,-9.796811,-1.5131992662224771,8.283611837598324
321.wav,0.005201808,0.0032506877024607323,4.981508,7.023298811847427,2.0417910336797025
323.wav,4.7448568e-05,0.0002085172026091709,25.720997,19.291808543474048,-6.4291883132154055
324.wav,0.00011540726,0.0004993854442557124,20.305307,13.94327961202794,-6.362027776277724
326.wav,0.0017075092,0.0017715561617508504,7.847948,7.688029273224355,-0.15991880111646495
327.wav,0.0015454495,0.0009207579787713092,9.072998,11.322090813120745,2.249092766245745
328.wav,4.6398614e-05,0.0001039409794069203,24.816498,21.313680935308863,-3.502816867425512
33.wav,0.21574378,0.029164250094566975,-10.311547,-1.620672817371506,8.690874461986404
332.wav,0.00018775612,0.0005791800447957555,17.952991,13.060795721127585,-4.892195764468118
335.wav,0.0041035796,0.0036765243855044235,4.8155236,5.292777910663977,0.47725428624381117
336.wav,0.008948503,0.003573229998767465,1.6874028,5.674296964055021,3.9868941196260046
337.wav,0.0027275372,0.0017622734116397427,6.7601833,8.657157671587678,1.8969743372370917
338.wav,0.017652614,0.006999539131189577,-1.6421719,2.375223693725833,4.017395553467043
339.wav,7.07263e-05,0.00020642943586117256,23.37125,18.719343234668422,-4.651906917919469
34.wav,0.19147468,0.031168523000984487,-8.583003,-0.6990513778571827,7.883951666271235
340.wav,0.00015017143,0.006358055478464511,23.58807,7.320701628511637,-16.26736828725985
341.wav,0.00383939,0.015711104132421716,10.651535,4.532090254730043,-6.119444779449645
344.wav,0.19343962,0.049003607600167476,-6.1187987,-0.15562540583272666,5.963173326924842
345.wav,0.019559849,0.01758257594417369,2.0628457,2.5256756738798813,0.4628299669401841
348.wav,0.0020066379,0.010321347803511486,11.530678,4.418004305288157,-7.112673490121999
349.wav,0.2001719,0.04182836449814439,-7.4668436,-0.6675217282204235,6.799321876821081
35.wav,0.2598189,0.03747330048955678,-10.401819,-1.9923306972072803,8.409488531918697
353.wav,0.19411264,0.04257662721249001,-7.176059,-0.5872330872063809,6.588825682019693
354.wav,0.19254917,0.03781674298861998,-8.0211315,-0.9525564755531775,7.068575039949752
358.wav,0.27942657,0.03607361080243249,-11.33719,-2.4464091066251386,8.890780567752303
359.wav,0.050590456,0.012112207442309647,-4.207633,2.0008199373798976,6.20845295587355
36.wav,0.18774682,0.03443358151703945,-6.679228,0.6866760916180715,7.365903920597564
362.wav,0.009779774,0.009497211818817937,2.5546563,2.6819829058781135,0.1273266387119758
363.wav,0.061864685,0.039913143241522085,-4.374723,-2.4714541247864967,1.9032688328245873
365.wav,0.041711662,0.014055354003420992,-2.6128998,2.111257148779572,4.724156929053009
366.wav,0.016780064,0.015367730638799253,-1.2020462,-0.820207601954531,0.3818385539750344
368.wav,0.11475627,0.009080755377159256,-8.528718,2.4878264139958017,11.016544408685743
369.wav,0.26918694,0.030844523922606178,-12.293291,-2.8845321517943305,9.408758940124615
37.wav,0.18618505,0.024104603638641385,-9.972851,-1.094403186560102,8.878447613000445
370.wav,0.2856821,0.02653411865934018,-14.560797,-4.240013736652571,10.320783001018327
374.wav,0.13299733,0.010119209269461511,-8.492018,2.694946372805262,11.186964118776942
375.wav,0.092515014,0.008666290229101125,-8.221302,2.062487721008196,10.2837897534789
377.wav,0.099492155,0.011696390000259746,-7.1871285,2.110241367066731,9.29736991092049
378.wav,0.27068254,0.03079638917471635,-12.3436365,-2.9040320646077076,9.43960444814864
38.wav,0.12568712,0.015616946764712682,-9.515222,-0.45827511095118734,9.056946484812972
382.wav,0.12396904,0.009591921162465858,-8.236881,2.877194945978755,11.11407620208227
384.wav,0.2922754,0.0415859819551031,-10.38443,-1.9159761871079517,8.468453744532674
386.wav,1.3499133e-08,0.0004902352443230972,60.37687,14.775882135401927,-45.60098706625823
388.wav,0.02716525,0.020302423205727442,1.0452604,2.3099189946240655,1.2646585652417413
389.wav,2.2228133e-09,0.0022926080990404714,75.68508,15.550810601393456,-60.134270880540136
39.wav,0.16141027,0.01988569105228207,-10.078556,-0.9846518194893012,9.093904241301715
390.wav,2.8729483e-09,0.00011511675616631592,71.17642,25.14831795478214,-46.02810416435848
392.wav,0.039607696,0.026506553753013487,-0.07812077,1.6661424992603857,1.7442632673306067
393.wav,0.0017758813,0.0017935018119411945,11.893577,11.850697251283266,-0.04287937072601089
394.wav,0.22335087,0.06698827356233747,-4.889598,0.34029046724632805,5.229888360007559
396.wav,0.058894645,0.04631920431775889,0.43284878,1.475995982317396,1.0431472009701213
397.wav,0.060656875,0.047860429479933485,0.50405073,1.5330851534766858,1.0290344218177503
399.wav,0.023068806,0.01247299364736568,-2.113107,0.5574369110011451,2.670543877019822
40.wav,0.1230675,0.02138661271279264,-6.4684196,1.1315943641918593,7.600013916041225
400.wav,3.8071875e-09,0.00034229477549097746,64.86546,15.327504291381027,-49.53795896545491
401.wav,2.0345663e-09,0.00026235511491950266,67.39761,16.29343594874549,-51.104177576645135
402.wav,1.1551631e-09,0.00013152667400197102,69.42125,18.85754206512172,-50.56370732452672
403.wav,4.8727666e-10,0.00011660866646634802,69.58584,15.796287706794917,-53.78955061107618
404.wav,8.4324986e-10,0.0001266173054902292,68.18419,16.418819224717538,-51.7653696180559
405.wav,5.123965e-09,0.0005548080271844003,65.12832,14.782957871764888,-50.34536091485621
406.wav,1.5206326e-09,0.00045260243100918546,69.56828,14.83135894818344,-54.73692413287125
407.wav,8.1275287e-10,0.0003077323321081332,71.48538,15.703233732507043,-55.78214834757108
408.wav,2.1689404e-09,0.0005097454570548015,67.10951,13.39845197776258,-53.711060351338986
409.wav,2.4731919e-09,0.000411048846606888,67.46767,15.261311144319185,-52.206355481657376
41.wav,0.17303899,0.0229822373009558,-9.662505,-0.8949883641086929,8.767516785732616
410.wav,5.248922e-09,0.0008636805686062083,66.55133,14.38849683547465,-52.1628337309316
411.wav,1.393456e-09,0.0026234074506631517,70.93518,8.187458946983773,-62.747721717078726
412.wav,1.1607253e-09,0.0009587091501316548,72.98273,13.81315453692682,-59.16957251385443
413.wav,1.1856298e-09,0.001281078232565125,71.48831,11.15204646368537,-60.33626530389276
414.wav,1.3378744e-09,0.002137572599135324,72.42072,10.385663527085175,-62.03505943434061
415.wav,1.1573258e-09,0.0016948485017536567,71.10574,9.448991653208918,-61.656751754994204
416.wav,1.1804411e-09,0.0015738355081769994,71.86944,10.620284742560697,-61.24915342882602
417.wav,5.573174e-10,0.00010857553967615897,73.94363,21.04733285093333,-52.896293552875264
418.wav,5.8616056e-10,4.118672120471661e-05,73.04451,24.577101681232115,-48.4674082064632
419.wav,5.732711e-10,7.162462902440056e-05,72.299255,21.33223225639576,-50.967023114697994
42.wav,0.0023485408,0.001975998060678935,10.30463,11.054745275796762,0.7501149962557463
420.wav,2.2755444e-09,0.00015405295746844425,66.37065,18.06480424688513,-48.305846998232056
421.wav,9.610769e-10,0.00030041222804182214,73.868324,18.918725740812803,-54.94959853897235
422.wav,1.1077748e-09,0.00020750523402013587,72.00046,19.274680353103196,-52.72577741056868
423.wav,5.9430305e-10,7.258166325305234e-05,72.16645,21.298262167662987,-50.8681883328253
424.wav,1.1742902e-09,0.00042458704002395575,75.224556,19.64264377071483,-55.581912198523455
425.wav,9.325129e-09,0.0019047509089118054,60.978046,7.8762108435644365,-53.10183557367189
426.wav,0.21828507,0.03364096910216534,-9.256241,-1.1346863173815778,8.121554527344985
427.wav,0.1735219,0.02422316094807852,-9.624161,-1.0729252332447015,8.551235533356861
428.wav,0.20470773,0.024506017702418247,-11.826094,-2.607477916552497,9.218615757153557
429.wav,0.2306103,0.02282214794178299,-13.41456,-3.3693381133507594,10.045222204642405
43.wav,0.1521311,0.020722694150773165,-9.654617,-0.9968994697835927,8.65771783978672
430.wav,0.19621743,0.02060731222544946,-12.676765,-2.8896038552545162,9.787161586640014
431.wav,2.0498823e-09,0.00023273945421961842,67.15907,16.607665627446448,-50.55140724853011
432.wav,0.14928696,0.01610448002014082,-12.179581,-2.508829447283614,9.67075124119295
433.wav,0.18911423,0.02683526507397841,-9.402501,-0.922317587269832,8.480183518992375
434.wav,0.21733911,0.02925081955673755,-10.621243,-1.9112434142207144,8.709999108972646
435.wav,0.204472,0.021411363228944318,-12.582679,-2.7827830980655137,9.799895696795327
436.wav,2.4641957e-09,4.359547547461847e-05,68.19035,25.71269086374926,-42.47766252980543
437.wav,0.21494058,0.02862726997727885,-10.520502,-1.7651176651846934,8.755384425269408
438.wav,0.17467926,0.023600917441374655,-9.939922,-1.246797153172849,8.693125179590822
439.wav,0.12582847,0.015282490475670783,-9.770055,-0.6142069673004132,9.155847849899294
44.wav,0.1736053,0.02185423660383851,-10.794164,-1.7938910377495245,9.000272666168932
440.wav,0.21184833,0.026519646915006426,-11.090122,-2.0655499933747627,9.024572229525628
441.wav,0.20851849,0.018881360354449372,-14.630417,-4.1993040112768645,10.431112858840322
442.wav,0.23481977,0.026262489761535817,-12.293777,-2.7797894895850366,9.513987976235276
443.wav,0.18038271,0.02677691061198246,-9.340275,-1.055929549534095,8.28434526125692
444.wav,0.21976131,0.02649270013259849,-11.368327,-2.1800767552873377,9.188250385520767
445.wav,0.20271014,0.024244018580617244,-11.339464,-2.116755974303649,9.222708213318421
446.wav,0.1697623,0.01898391716244754,-11.607267,-2.092713880119134,9.514553499641607
447.wav,0.16507722,0.019512710443792127,-10.16353,-0.8898343990967278,9.273695950634718
448.wav,0.16860653,0.017221295685323903,-12.513872,-2.6057860155991275,9.908086131007318
449.wav,0.14990197,0.017813741032447872,-10.683899,-1.4333761941417507,9.2505227316395
450.wav,0.14471212,0.03957424254352338,-5.1813316,0.44959156419341684,5.6309231987149015
451.wav,0.003344349,0.003495028264656935,11.082134,10.890742864968058,-0.19139138185811433
452.wav,0.1029431,0.025728787582529413,-4.961542,1.0602371160963673,6.021779245612969
453.wav,0.14169952,0.033451900987063,-5.78737,0.4821055879595316,6.269475792885069
454.wav,0.13503958,0.01615257218680814,-11.047238,-1.8250441613065125,9.222194188608038
455.wav,0.20593207,0.02981718171395991,-9.676103,-1.2835283884838122,8.392574249760816
457.wav,0.21323614,0.03338064733911991,-9.196128,-1.142467909969362,8.053659981571165
458.wav,0.12811972,0.08563911816580691,-10.730907,-8.981470051232959,1.7494373889525878
459.wav,0.1639621,0.08096558463544709,-9.200912,-6.136482130789039,3.0644303447968984
46.wav,0.1414343,0.017946077461633195,-9.573254,-0.6074021713488611,8.965851460242936
460.wav,0.009724111,0.0018456191949797768,2.8459153,10.062993482674734,7.217078165139334
464.wav,0.21578999,0.13839611736670657,-10.996731,-9.067656037392922,1.9290747670504373
465.wav,0.20768598,0.02155235957973907,-12.694888,-2.8557645278973665,9.839123587031832
467.wav,0.14792335,0.047930499276081374,-9.286231,-4.3919827627108345,4.894248278243755
468.wav,0.13369858,0.02625445543066657,-6.6571717,0.412066348151447,7.069238074378253
469.wav,0.17799556,0.029586805439178857,-7.8086805,-0.015569449859780406,7.793111084503012
47.wav,0.19680618,0.0384193913819046,-7.2971497,-0.20226783788010624,7.094881820323018
470.wav,0.16989413,0.025578739917276678,-8.580092,-0.3571002956918933,8.222992134422853
471.wav,0.157641,0.03144834172977776,-6.612897,0.38781716711164504,7.000714086362134
472.wav,0.15102984,0.022648298884698256,-9.398341,-1.1580695214626198,8.240271657431423
473.wav,0.1862696,0.02911927267495053,-8.865262,-0.805647988466463,8.059614043088713
474.wav,0.21496074,0.04462501693066885,-7.0983844,-0.27057685967532474,6.827807520665251
475.wav,0.21135788,0.038777750890983426,-8.132004,-0.7676453876519722,7.364358396527715
476.wav,0.1436357,0.023415719416231977,-8.480037,-0.6024879886848635,7.877548746849804
477.wav,0.13596576,0.02183586302437377,-7.8889604,0.05363173063538089,7.942592092116094
478.wav,0.18776242,0.029393272561863026,-8.858382,-0.8047742757256992,8.053607949310923
479.wav,0.1517136,0.027126314159530207,-7.0581098,0.41822738459048847,7.476337144874912
48.wav,0.13020594,0.016633301271457908,-10.028763,-1.0922398118102337,8.936523005572578
480.wav,0.17015375,0.03318193171162602,-7.340629,-0.24123026926277116,7.0993988315367895
481.wav,0.18865177,0.03890196295207892,-7.18632,-0.32942587562575687,6.85689395240769
482.wav,0.1816058,0.022592746560399647,-10.327139,-1.2755322103638354,9.051606690393001
483.wav,0.23345906,0.03777404166224078,-8.976403,-1.0662306117957598,7.9101726245934
485.wav,0.18076816,0.02028743769167417,-11.300936,-1.8019887726955843,9.498946972543674
486.wav,0.15268686,0.020808287818171144,-9.837714,-1.1820605676841731,8.655653627567292
487.wav,0.1994531,0.017988296122903327,-14.558581,-4.1100739826979495,10.448507369535937
488.wav,0.16001968,0.019456158547926494,-10.075651,-0.9244880275115057,9.151163141311736
489.wav,0.14720678,0.014563997698291031,-11.917914,-1.8714418794863614,10.046472511077603
49.wav,0.22382708,0.02486959075995383,-12.595301,-3.0528603848471936,9.542440289591283
490.wav,0.21256812,0.024870922238314476,-11.506877,-2.1888144439142168,9.31806250158139
491.wav,0.23445536,0.03263699360485311,-10.448836,-1.8853353900410375,8.563500936558084
492.wav,0.23600553,0.030759422778373867,-10.841717,-1.9922768419715355,8.849439924385887
493.wav,0.22686577,0.02776369623400688,-11.343612,-2.220694441685364,9.122917275538757
494.wav,0.14743857,0.01999105897340427,-9.352494,-0.6747414751853698,8.67775276462176
495.wav,0.16840366,0.018357451293615684,-11.569977,-1.9445853654440648,9.62539144119656
496.wav,0.1252372,0.01693985090913605,-9.3808155,-0.692577219650618,8.688238286330828
497.wav,0.1687442,0.022818663183929125,-9.312812,-0.623425735947311,8.689386115554154
498.wav,0.18473789,0.023675446319506372,-10.696171,-1.773591923171073,8.922578883713692
499.wav,0.12443618,0.012871458569700319,-11.58731,-1.7341206055220624,9.853189231819247
5.wav,0.0075584063,0.012829737019546312,9.599242,7.301366781212475,-2.2978754291757086
50.wav,0.12812872,0.02277156398819475,-7.189934,0.3126027588534086,7.502536535708877
500.wav,0.18353406,0.023963787979853327,-10.113583,-1.2719708890584638,8.84161172202552
501.wav,0.13454264,0.010769207454968215,-15.504318,-4.537555976985129,10.966762260319559
502.wav,0.122408845,0.011704765453174216,-12.691534,-2.4970329233462176,10.19450111901218
503.wav,0.18564679,0.021473305938941246,-11.436781,-2.0688951984761115,9.367885731089318
504.wav,0.17282562,0.022331440434256323,-9.795044,-0.908129639818649,8.886914305493852
505.wav,0.19918561,0.0241951760847218,-11.240305,-2.0850131574703292,9.155291789429086
506.wav,0.0893158,0.008469157677696518,-12.787066,-2.556185914452654,10.230880545203107
508.wav,0.24613903,0.03509994844311399,-9.957372,-1.4986320949768488,8.458739616754109
509.wav,0.22391573,0.03314061033790021,-9.580093,-1.2828528754162831,8.297240508372779
51.wav,0.004819444,0.0035126464154577684,6.095088,7.468713075203764,1.3736250701378463
510.wav,0.23282944,0.04223372769096383,-8.227101,-0.8133166269647516,7.413784699024018
511.wav,0.21693863,0.02532471179988503,-11.764271,-2.4363469030428764,9.327923879427827
512.wav,0.22748536,0.0316211013391809,-10.317062,-1.7472972532744784,8.56976512465521
513.wav,0.22740953,0.03578063168948916,-9.305292,-1.273685583111346,8.031606546405255
514.wav,0.23447767,0.034701666956718044,-9.808023,-1.5105118996610902,8.2975115530977
515.wav,0.22471245,0.036175276281261576,-8.913847,-0.9816947691692012,7.932152200435291
516.wav,0.22345743,0.0385197282612086,-8.417982,-0.7828670423099114,7.635115059130518
517.wav,0.24322787,0.03621922750258012,-9.813829,-1.5430880461030572,8.270741375894014
518.wav,0.21884537,0.03559274734641527,-8.852441,-0.9646823159214972,7.887758518123913
519.wav,0.2463811,0.03742878350320333,-9.553426,-1.3694090502553573,8.184016738624038
52.wav,0.14531024,0.021618304533296013,-8.14007,0.13467621813635627,8.274746179684207
520.wav,0.23197077,0.032783912057130694,-9.9023285,-1.4046036458888937,8.497724845322043
521.wav,0.22911875,0.03763762314720131,-8.955944,-1.1115591628830588,7.844384898396238
522.wav,0.20577613,0.02477613874010446,-11.483509,-2.2898958474973212,9.193613216223381
523.wav,0.20779517,0.029181686510084733,-10.104724,-1.5794739716894828,8.525249958669404
524.wav,0.24446979,0.04434905821020301,-8.426887,-1.013478708139282,7.413407850393433
525.wav,0.22794835,0.035506315051445754,-9.372095,-1.2967870884695039,8.075308019562723
526.wav,0.21272138,0.03009645678136156,-10.247873,-1.754915303677874,8.49295800259654
527.wav,0.20116241,0.03012331448413204,-9.68197,-1.435528604431933,8.246441038207227
528.wav,0.236276,0.03828962862600602,-9.09445,-1.1910657136935776,7.903384283254665
529.wav,0.23564294,0.037040444652596725,-9.2968855,-1.2611034679396813,8.035782022477798
53.wav,0.13426727,0.0196850780177672,-9.226251,-0.8879201343979549,8.33833051410058
531.wav,0.22881836,0.03205185427722644,-10.110521,-1.5741440144373082,8.536377302091012
532.wav,0.22805285,0.028810234675253427,-10.921792,-1.93690414831272,8.984887882021752
533.wav,0.27951342,0.040438823444824454,-10.336872,-1.9408309316487107,8.396041169181368
534.wav,0.25375572,0.04164921320872744,-9.123404,-1.275313585742717,7.848089963451619
535.wav,0.21661462,0.03276580543027075,-9.301499,-1.0988307297560578,8.202668637004196
536.wav,0.24347767,0.03303313214732013,-10.55777,-1.8826762276910938,8.67509354769953
538.wav,0.2302526,0.027133417967324457,-11.988482,-2.7014827201280007,9.286999755152761
539.wav,0.29663867,0.04063316002899855,-11.165377,-2.53190551426174,8.633471148946267
54.wav,0.002941864,0.0024794217177789867,8.669266,9.411987992662322,0.7427222455920095
540.wav,0.23079754,0.03479954392689198,-9.451005,-1.2344287797360307,8.216576202258597
541.wav,0.21458815,0.030456936462700573,-9.59071,-1.1115137412220941,8.479195945057203
542.wav,0.2778327,0.03318843471469641,-12.096083,-2.868117151743768,9.227965535634162
543.wav,0.22342668,0.03246613235524294,-9.727863,-1.3508188339932907,8.377044477774287
544.wav,0.24918033,0.03498237584312071,-10.104169,-1.5775238920916188,8.526644999815119
545.wav,0.22711337,0.040357947738480476,-8.225458,-0.7223213524108594,7.503136792730742
546.wav,0.26300055,0.02674704362665325,-13.519522,-3.592713278755113,9.926808434501723
547.wav,0.0030201063,0.0015235526068193448,9.822151,12.793799411684274,2.971648227602243
548.wav,0.0045958236,0.0025036458079526064,8.853865,11.4917690146953,2.637904344895496
55.wav,0.04028215,0.03142129314563827,-2.5815911,-1.5027052292262677,1.0788859000767108
550.wav,0.011539404,0.008236954873218039,2.7260156,4.190182389008152,1.464166821228611
551.wav,0.010778634,0.008033143875636105,5.1565223,6.433304090342177,1.276781816324843
552.wav,0.008107966,0.006619259535637999,5.067999,5.949023758816736,0.8810248727083376
553.wav,0.025742717,0.02409144893587461,-4.078015,-3.790100207984456,0.28791464263199895
554.wav,0.23009649,0.03584686831948655,-9.312464,-1.2378755939633521,8.074588166412624
556.wav,0.2693391,0.04206999253142719,-9.624311,-1.561041217732785,8.063270229410769
56.wav,0.003603925,0.0021474579172088225,3.0402646,5.288775251504509,2.248510645028679
560.wav,0.01381528,0.011287809896283715,2.1034133,2.9809133710886555,0.8775000276590901
561.wav,0.27316815,0.04475895769771968,-9.271926,-1.41642543089023,7.855500495318266
562.wav,0.010148991,0.009435554501497181,6.3603168,6.676870861574357,0.31655410818690566
563.wav,0.27131623,0.04410461757672238,-9.568963,-1.679046017113294,7.889917033728992
564.wav,0.013795258,0.008675434125335606,2.1266322,4.141018430545053,2.0143862169525235
565.wav,0.2697452,0.0408890895332488,-9.917758,-1.7242953335126423,8.193462654463431
566.wav,0.2548097,0.02788702459639189,-12.291801,-2.6836631162573923,9.608138336379326
567.wav,0.29189467,0.13717686502141063,-10.534553,-7.255099894611994,3.279452679545721
568.wav,0.02797731,0.027141550135922538,-0.13338296,-0.0016698940165965933,0.13171306713738748
569.wav,0.26501969,0.02790756073166199,-13.368817,-3.5932555615106425,9.775561767896097
57.wav,0.02105632,0.01584803301367904,3.7639258,4.9979969478152375,1.2340711570284943
570.wav,0.2333697,0.02514820796634256,-13.06027,-3.3848961750273503,9.675374134420892
571.wav,0.22561355,0.02811810041882421,-11.304504,-2.26071349165631,9.04379090287494
572.wav,0.22066757,0.021269514989079433,-13.031057,-2.87124718372673,10.159810174061356
573.wav,0.0037318019,0.0029582246191481305,8.291481,9.300355797162581,1.0088747790961747
574.wav,0.27152318,0.03767172324614036,-10.682436,-2.104522341631036,8.577913647748847
575.wav,0.17344199,0.12395665745098089,-11.13241,-9.673565658118306,1.45884439132017
576.wav,0.23307087,0.027012899870333586,-12.044228,-2.685059600215325,9.359167999882331
577.wav,0.23221096,0.02779924811148093,-11.591963,-2.3734650808727706,9.218497733458284
578.wav,0.24570252,0.02400336498359677,-13.347929,-3.246553876126501,10.10137512472799
579.wav,0.27085754,0.030475198984425574,-12.693136,-3.205191840709991,9.48794437449997
58.wav,0.019070014,0.01575733576507983,1.2368066,2.0654888895041372,0.8286822584158804
580.wav,0.22405572,0.04261068971614098,-7.3402452,-0.1318706289458897,7.208374617941318
581.wav,0.24107116,0.04935257278965109,-7.3075953,-0.41924014566449996,6.888355107326222
582.wav,0.26171222,0.06893109324963136,-5.902806,-0.108717817079202,5.794087988127097
583.wav,0.24644695,0.06142081005464395,-6.286493,-0.25241375533945265,6.03407906921499
584.wav,0.20447017,0.04078430254274735,-7.2614336,-0.26006397248365587,7.0013696288957386
585.wav,0.23852637,0.048176621121325924,-7.1921515,-0.24515104070179988,6.947000505776471
588.wav,0.11996535,0.02014902574549666,-7.336632,0.4113857055915944,7.748017480493938
59.wav,0.0036451593,0.003215573189010694,8.257769,8.802349439423178,0.544580808441733
593.wav,0.15971878,0.043788938747243655,-4.5218763,1.0980392256510711,5.619915560795114
596.wav,0.012580125,0.014480141714194228,6.1856728,5.574794004690313,-0.6108787553194528
6.wav,0.0028212112,0.00513547172378649,14.691463,12.090016716606971,-2.601446753852013
60.wav,0.021258503,0.02023911243739031,5.033744,5.247156360293529,0.21341250195612638
601.wav,0.1806355,0.0256210208782453,-9.666127,-1.1840606584046152,8.482066546490405
608.wav,0.015866498,0.0022574801316202517,0.5641896,9.032760876097335,8.468571263231887
609.wav,0.019921413,0.01172077104676205,2.3104362,4.614075647663501,2.3036393988842043
61.wav,0.0021106657,0.0015883159985782909,7.122662,8.357487463725713,1.2348253963123828
610.wav,0.040556904,0.011040264883230457,-1.5141202,4.136732758298799,5.6508529794368
611.wav,0.014247763,0.0059920213395302235,4.632139,8.393872492946905,3.7617332870142874
612.wav,0.012578756,0.00866111470076373,3.2455654,4.86620398292977,1.6206385685010591
613.wav,0.00525743,0.00030688956782226124,5.1700115,17.50792511921386,12.337913598828116
614.wav,0.024680458,0.013091945580629424,0.38460907,3.138099085132375,2.7534900117318775
615.wav,0.0031955915,0.002441995383578119,10.866574,12.034638271521167,1.1680639841066167
616.wav,0.031558357,0.02045960825182608,2.3701105,4.252281219363955,1.8821707075841703
617.wav,0.013627335,0.00573816628042356,2.6714907,6.427868911510118,3.75637824225963
618.wav,0.00811747,0.0015536819087887937,5.0526285,12.233214277294689,7.18058576014381
619.wav,0.02828257,0.007548784966103231,-2.7634346,2.972983498249593,5.736418146763387
62.wav,0.024170471,0.015515949259133402,-1.5047517,0.420315889508926,1.9250675717904202
620.wav,0.009578816,0.0070598967081978645,5.408536,6.733670814596349,1.3251348572599229
621.wav,0.018541034,0.00892949972762657,2.1780112,5.351079288665983,3.173068109695646
622.wav,0.1030311,0.020043022065534585,-5.570541,1.5395102932388924,7.110051198237672
623.wav,0.01108329,0.006829423362678551,4.1350513,6.237897923190907,2.1028466727331434
624.wav,0.0054757902,0.0009434343820233355,6.660616,14.297967231813198,7.63735131079269
625.wav,0.112608604,0.026629164710413284,-4.299505,1.9626350016103735,6.262140235375022
626.wav,0.032147877,0.012775443421750014,-0.5721458,3.4356172469714985,4.0077630666354995
628.wav,0.10803171,0.026217105071537787,-4.221334,1.9283312113287572,6.14966519188906
629.wav,0.027912306,0.01729823698915607,0.6733986,2.7513372116505157,2.077938597720767
63.wav,0.13063416,0.021472462914228035,-7.154249,0.6875002412406572,7.841749432524837
630.wav,0.01633322,0.009273176346302064,4.1716537,6.63008694452555,2.458433196966956
631.wav,2.33816e-05,2.3226192422162257e-05,29.68573,29.714692529295625,0.028962548826875434
632.wav,2.4674095e-05,3.947741265193007e-05,32.08139,30.040318192879862,-2.0410721879795126
633.wav,0.037875626,0.018705923793959002,-0.11130161,2.952504956899176,3.0638065652828317
634.wav,0.015011658,0.012982649665715437,4.3545523,4.985205350702138,0.6306530817202045
636.wav,0.06939861,0.019893733236531937,-1.870122,3.5562229357030404,5.426344891574622
637.wav,2.30382e-05,1.6366230289670863e-05,31.750658,33.23565596512799,1.4849979298496692
638.wav,2.3030374e-05,2.877158261279021e-05,32.48155,31.514920038378968,-0.9666282709472043
639.wav,0.029425627,0.010241590373789283,1.3702581,5.95384121420877,4.583583121328521
64.wav,0.0034321847,0.0024583514083790607,5.345183,6.794450035381163,1.4492671397207628
640.wav,0.015582992,0.01449818250860325,4.557459,4.87083138386849,0.31337250630501323
641.wav,0.016888136,0.009427551716037283,1.9280481,4.459875934519748,2.5318278006696504
642.wav,0.017854935,0.017998946539240245,4.495165,4.46027702360957,-0.03488784760625041
643.wav,0.06929929,0.025442772377209464,-0.60758466,3.7440587769839744,4.351643432268856
644.wav,0.044659317,0.015093071994589102,-3.0628178,1.648526408636094,4.711344220602037
645.wav,0.0023335407,0.0023646055936503495,12.865007,12.807573398923582,-0.05743400158911349
646.wav,0.012804344,0.008528538260833628,6.873852,8.638679470944458,1.7648276948214114
647.wav,0.022454193,0.015165614586258848,4.0433664,5.747740803056562,1.7043743708666206
648.wav,0.02941908,0.018451841821053007,1.2191708,3.2450644951629704,2.025893686370856
649.wav,0.014014372,0.010145470859964392,4.5956073,5.998621442795566,1.4030141620643652
65.wav,0.026418755,0.015305845940190186,-3.3607996,-0.9902493720806025,2.3705501789295296
66.wav,0.030886756,0.02215058414607878,-1.572336,-0.12846487771558113,1.4438710807652537
67.wav,0.16186057,0.02038837438737721,-10.861258,-1.863672568947703,8.997584984152883
68.wav,0.04391572,0.031792913864499686,-4.0718236,-2.668926984983777,1.4028966119705686
69.wav,0.022813521,0.014054757557988377,-3.5247276,-1.4210379344258075,2.103689648505711
7.wav,0.0024293554,0.0038758984734515787,14.548008,12.519195409726906,-2.028812555360984
70.wav,0.004439623,0.0029474048001107826,6.218478,7.997541211476266,1.7790630086564416
71.wav,0.019861469,0.01394792366000059,-3.3141568,-1.7791387566495398,1.535018014056637
72.wav,0.05007318,0.03935554333562508,-3.9605064,-2.9145134772329575,1.0459929619760269
73.wav,0.13452628,0.027327848138885124,-6.0881944,0.8338228303921785,6.922017200661954
74.wav,0.17306006,0.024413502519689326,-9.278955,-0.7732881072601303,8.505667352334596
75.wav,0.18023,0.024184979301847022,-9.929728,-1.2069135232979185,8.72281403102337
76.wav,0.14187211,0.025027084794398233,-6.777404,0.7574635139872108,7.534867345469144
77.wav,0.15018436,0.03349854964411063,-5.227598,1.2883890227592207,6.515987213066838
78.wav,0.19057418,0.023096121428835215,-11.457258,-2.2920089130248074,9.165249311462498
8.wav,0.0013127616,0.004412209645968134,17.084953,11.820249768738286,-5.264703539367183
80.wav,0.13832434,0.01989669215402671,-8.141432,0.2797453431528153,8.421177151624494
81.wav,0.13873205,0.024406764718784967,-7.4828534,0.0638122255684105,7.546665638196584
82.wav,0.14785327,0.033843421253788135,-5.0978584,1.3057087883234428,6.403567217278521
83.wav,0.13831387,0.01875641591778498,-9.606603,-0.92944407794411,8.677158590818097
84.wav,0.10014566,0.0239468975884294,-3.9210856,2.2927432541470263,6.2138288502316215
85.wav,0.14872567,0.02711970868569479,-6.963726,0.4272826852905173,7.3910087289916895
86.wav,0.0065076496,0.006410763446462328,4.8239927,4.8891369447543855,0.06514421556737382
87.wav,0.116591915,0.01503161448405837,-8.536633,0.35999577932217297,8.89662831716397
88.wav,0.11940627,0.014469646307237015,-10.235547,-1.069854413793117,9.165692651941747
89.wav,0.1467431,0.01715560968103689,-10.785913,-1.4643975809660923,9.321515886441134
9.wav,0.2783161,0.07087591964749373,-6.444827,-0.5044307485118009,5.940396331261148
90.wav,0.0124507295,0.012191405252483932,-0.36007744,-0.26866725609760356,0.09141018464107442
91.wav,0.0065044924,0.006639175606498568,5.2143235,5.125316115732474,-0.08900740492792636
92.wav,0.10312767,0.016424697824144217,-6.9539313,1.0248469656649553,7.978778297299477
93.wav,0.11229224,0.016373481581382347,-7.6373997,0.7246872698893501,8.362086943351263
94.wav,0.009133112,0.0093557693952421,4.3888273,4.284219851150802,-0.1046074727627726
95.wav,0.20953692,0.019990519400015217,-13.871664,-3.6672989235253994,10.204365123715812
96.wav,0.24404368,0.02782332084576323,-12.27291,-2.842323851196053,9.430586266906975
97.wav,0.1598028,0.019163400285357717,-10.844678,-1.6335600624620947,9.211117862647768
98.wav,0.00048449438,0.0002489645582435158,15.489176,18.380687587432973,2.8915117909241843
99.wav,0.12505692,0.01571556814857415,-9.643341,-0.6355640984707387,9.007776965982387
